{
    "avFF": 119.992,
    "maxFF": 157.302,
    "minFF": 112.2364,
    "percJitter": 0.0099575,
    "absJitter": 7e-05,
    "rap": 0.0037,
    "ppq": 0.0073124999999999,
    "ddp": 0.01109,
    "lShimmer": 0.04374,
    "dbShimmer": 0.426,
    "apq3": 0.02182,
    "apq5": 0.0313,
    "apq": 0.02971,
    "dda": 0.06545,
    "NHR": 0.02211,
    "HNR": 21.033,
    "RPDE": 0.414783,
    "DFA": 0.815285,
    "spread1": -4.813031,
    "spread2": 0.266482,
    "D2": 2.301442,
    "PPE": 0.3676786
}
