{
    "avFF": 197.076,
    "maxFF": 210.80175000000003,
    "minFF": 192.055,
    "percJitter": 0.00289,
    "absJitter": 1e-05,
    "rap": 0.00166,
    "ppq": 0.00168,
    "ddp": 0.00498,
    "lShimmer": 0.01098,
    "dbShimmer": 0.097,
    "apq3": 0.00563,
    "apq5": 0.0068,
    "apq": 0.00802,
    "dda": 0.01689,
    "NHR": 0.001116,
    "HNR": 31.8356,
    "RPDE": 0.422229,
    "DFA": 0.741367,
    "spread1": -7.3483,
    "spread2": 0.177551,
    "D2": 1.743867,
    "PPE": 0.085569
}
